{"count":1,"self":3005.9859968,"total":5728.6221546,"children":{"AgentInfo.ToProto":{"count":5486,"self":0.13388329999999998,"total":0.3397416,"children":{"GenerateSensorData":{"count":5486,"self":0.2058583,"total":0.2058583,"children":null}}},"AgentSendState":{"count":3359851,"self":57.123974399999994,"total":124.4640876,"children":{"CollectObservations":{"count":531131,"self":35.9367808,"total":35.936782099999995,"children":null},"CollectDiscreteActionMasks":{"count":531131,"self":2.4899518,"total":2.4899518,"children":null},"AgentInfo.ToProto":{"count":531131,"self":8.8338919999999987,"total":28.9133788,"children":{"GenerateSensorData":{"count":531131,"self":20.0794864,"total":20.079487,"children":null}}}}},"DecideAction":{"count":3359851,"self":2570.881024,"total":2570.8810552,"children":null},"AgentAct":{"count":3359851,"self":26.950367999999997,"total":26.950368299999997,"children":null}},"gauges":{"Rabbit_Forager.CumulativeReward":{"count":5486,"max":168.186768,"min":0,"runningAverage":18.0263214,"value":13.7065878,"weightedAverage":14.8046169}},"metadata":{"timer_format_version":"0.1.0","start_time_seconds":"1596654190","unity_version":"2019.2.19f1","command_line_arguments":"C:\\Program Files\\Unity\\Hub\\Editor\\2019.2.19f1\\Editor\\Unity.exe -projectpath E:\/Git\/ML Agents from Scratch -useHub -hubIPC -cloudEnvironment production -hubSessionId 98bedbc0-d74d-11ea-b6b4-f56957a13e65 -accessToken A8K44mqERXlkUVotD3age0tNpb9b6WSk360KE-XDD_E002f","communication_protocol_version":"1.0.0","com.unity.ml-agents_version":"1.0.2","scene_name":"Training","end_time_seconds":"1596659918"}}