{"count":1,"self":20379.636531199998,"total":30232.5479132,"children":{"AgentInfo.ToProto":{"count":36015,"self":0.86395139999999992,"total":2.799244,"children":{"GenerateSensorData":{"count":36015,"self":1.9352926,"total":1.9352926,"children":null}}},"AgentSendState":{"count":16533301,"self":234.34344959999999,"total":460.26309829999997,"children":{"CollectObservations":{"count":1500214,"self":117.3344384,"total":117.334436,"children":null},"CollectDiscreteActionMasks":{"count":1500214,"self":6.5888855999999993,"total":6.5888854,"children":null},"AgentInfo.ToProto":{"count":1500214,"self":22.5505216,"total":101.99633039999999,"children":{"GenerateSensorData":{"count":1500214,"self":79.4458112,"total":79.4458087,"children":null}}}}},"DecideAction":{"count":16533301,"self":9273.0056704,"total":9273.0052619999988,"children":null},"AgentAct":{"count":16533301,"self":116.84304639999999,"total":116.8430526,"children":null}},"gauges":{"Rabbit_Forager.CumulativeReward":{"count":36015,"max":22.80892,"min":0,"runningAverage":2.1847012,"value":1.86630225,"weightedAverage":2.77397776}},"metadata":{"timer_format_version":"0.1.0","start_time_seconds":"1597762721","unity_version":"2019.2.19f1","command_line_arguments":"C:\\Program Files\\Unity\\Hub\\Editor\\2019.2.19f1\\Editor\\Unity.exe -projectpath E:\/Git\/rabbit-trainer -useHub -hubIPC -cloudEnvironment production -hubSessionId 2afdcf00-e09f-11ea-9145-6d6d6c2b36ed -accessToken yXuJ88Nhot1MJllGozbcjvWLkjnAnrdg0TgdjyfCJpM002f","communication_protocol_version":"1.0.0","com.unity.ml-agents_version":"1.0.2","scene_name":"Training","end_time_seconds":"1597792953"}}